<?xml version='1.0' encoding='UTF-8'?>
<faces-config version="2.2"
              xmlns="http://xmlns.jcp.org/xml/ns/javaee"
              xmlns:xsi="http://www.w3.org/2001/XMLSchema-instance"
              xsi:schemaLocation="http://xmlns.jcp.org/xml/ns/javaee http://xmlns.jcp.org/xml/ns/javaee/web-facesconfig_2_2.xsd">
    
    <application>
        <resource-bundle>
            <base-name>messages</base-name>
            <var>msgs</var>  
        </resource-bundle>
        <locale-config>
            <default-locale>pl</default-locale>
            <supported-locale>pl</supported-locale>
            <supported-locale>en</supported-locale>
        </locale-config>
    </application>
</faces-config>
