<?xml version='1.0' encoding='UTF-8'?>
<faces-config version="2.2"
              xmlns="http://xmlns.jcp.org/xml/ns/javaee"
              xmlns:xsi="http://www.w3.org/2001/XMLSchema-instance"
              xsi:schemaLocation="http://xmlns.jcp.org/xml/ns/javaee http://xmlns.jcp.org/xml/ns/javaee/web-facesconfig_2_2.xsd">
    <managed-bean>
        <managed-bean-name>applicationControllerXML</managed-bean-name>
        <managed-bean-class>controllers.ApplicationControllerXML</managed-bean-class>
        <managed-bean-scope>application</managed-bean-scope>
        <managed-property>
            <property-name>student</property-name>
            <value> Górka Grażyna </value>
        </managed-property>
    </managed-bean>
    
    <navigation-rule>
        <description>Opis reguly nawigacji</description>
        <display-name>Nazwa wyswietlana</display-name>
        <navigation-case>
            <from-outcome>index2Alias</from-outcome>
            <to-view-id>index2.xhtml</to-view-id>
        </navigation-case>
    </navigation-rule>
    
    <application>
        <resource-bundle>
            <base-name>messages</base-name>
            <var>msgs</var>  
        </resource-bundle>
        <locale-config>
            <default-locale>pl</default-locale>
            <supported-locale>pl</supported-locale>
            <supported-locale>en</supported-locale>
        </locale-config>
    </application>
</faces-config>
