<?xml version="1.0" encoding="UTF-8"?>
<project-private xmlns="http://www.netbeans.org/ns/project-private/1">
    <editor-bookmarks xmlns="http://www.netbeans.org/ns/editor-bookmarks/2" lastBookmarkId="0"/>
    <open-files xmlns="http://www.netbeans.org/ns/projectui-open-files/2">
        <group>
            <file>file:/D:/Studia20202021/Zadania%20NetBeans/TAIGorkaGrazynaIO2_Zadanie4/src/java/controllers/MyManagedBeanSession.java</file>
            <file>file:/D:/Studia20202021/Zadania%20NetBeans/TAIGorkaGrazynaIO2_Zadanie4/src/java/controllers/NewJSFManagedBeanSession.java</file>
            <file>file:/D:/Studia20202021/Zadania%20NetBeans/TAIGorkaGrazynaIO2_Zadanie4/src/java/data/Person.java</file>
            <file>file:/D:/Studia20202021/Zadania%20NetBeans/TAIGorkaGrazynaIO2_Zadanie4/src/java/controllers/NewJSFManagedBeanApplication.java</file>
            <file>file:/D:/Studia20202021/Zadania%20NetBeans/TAIGorkaGrazynaIO2_Zadanie4/web/index.xhtml</file>
            <file>file:/D:/Studia20202021/Zadania%20NetBeans/TAIGorkaGrazynaIO2_Zadanie4/src/java/data/City.java</file>
            <file>file:/D:/Studia20202021/Zadania%20NetBeans/TAIGorkaGrazynaIO2_Zadanie4/web/tableWindow.xhtml</file>
            <file>file:/D:/Studia20202021/Zadania%20NetBeans/TAIGorkaGrazynaIO2_Zadanie4/web/myTableWindow.xhtml</file>
        </group>
    </open-files>
</project-private>
