<?xml version='1.0' encoding='UTF-8'?>
<faces-config version="2.2"
              xmlns="http://xmlns.jcp.org/xml/ns/javaee"
              xmlns:xsi="http://www.w3.org/2001/XMLSchema-instance"
              xsi:schemaLocation="http://xmlns.jcp.org/xml/ns/javaee http://xmlns.jcp.org/xml/ns/javaee/web-facesconfig_2_2.xsd">
    <managed-bean>
        <managed-bean-name>newJSFManagedBeanView</managed-bean-name>
        <managed-bean-class>pl.application.controllers.NewJSFManagedBeanView</managed-bean-class>
        <managed-bean-scope>view</managed-bean-scope>
        <managed-property>
            <property-name>marka</property-name> 
            <value>Volvo 130 X</value>
        </managed-property>
    </managed-bean>
    
    <application>
        <resource-bundle>
            <base-name>messages</base-name>
            <var>msgs</var>
        </resource-bundle>
        <locale-config>
            <default-locale>pl</default-locale>
            <supported-locale>en</supported-locale>
            <supported-locale>pl</supported-locale>
        </locale-config>
    </application>
    
    <navigation-rule>
        <description>Opis reguly nawigacji</description>
        <display-name>Nazwa wyswietlana</display-name>
        <navigation-case>
            <from-outcome>tabela</from-outcome>
            <to-view-id>/views/tableView.xhtml</to-view-id>
        </navigation-case>
    </navigation-rule>
</faces-config>
